1,Sport,Football,409916,2022-03-03,2025-06-23
2,Sport,Football,282056,2021-08-05,2025-10-02
3,Sport,Football,422345,2020-10-04,2024-01-12
4,Sport,Football,424615,2023-12-05,2026-10-27
5,Sport,Football,426611,2020-10-05,2026-04-18
6,Sport,Football,373424,2022-07-06,2024-06-14
7,Sport,Football,213697,2020-01-05,2025-12-06
8,Sport,Football,292068,2023-06-03,2026-03-12
9,Sport,Football,415439,2023-05-01,2024-05-03
10,Sport,Football,433134,2022-08-03,2025-09-17
11,Sport,Football,201077,2020-05-06,2024-08-11
12,Sport,Football,338020,2022-09-05,2026-12-14
13,Sport,Football,339133,2023-06-01,2024-06-23
14,Sport,Football,210788,2022-08-01,2025-07-24
15,Sport,Football,276596,2020-06-01,2025-10-24
16,Sport,Football,385569,2022-11-05,2025-08-04
17,Sport,Football,337675,2023-09-04,2026-08-26
18,Sport,Football,336118,2022-07-06,2024-05-13
19,Sport,Football,363535,2021-07-03,2025-01-03
20,Sport,Football,374058,2022-07-04,2025-04-08
21,Sport,Football,219003,2022-09-01,2025-03-22
22,Sport,Football,281909,2022-10-02,2025-07-01
23,Sport,Football,329828,2022-08-05,2026-08-16
24,Sport,Football,352318,2020-05-03,2024-12-23
25,Sport,Football,276201,2020-11-02,2025-07-25
26,Sport,Football,361562,2021-08-03,2025-10-23
27,Sport,Football,225535,2022-11-05,2024-07-25
28,Sport,Football,262794,2022-08-05,2026-05-27
29,Sport,Football,311242,2023-08-04,2024-08-02
30,Sport,Football,399745,2021-01-02,2024-11-11
31,Sport,Football,105811,2020-02-02,2025-03-02
32,Sport,Football,97601,2021-10-04,2026-02-13
33,Sport,Football,81436,2020-06-03,2024-12-15
34,Sport,Football,105298,2023-02-03,2026-08-18
35,Sport,Football,102287,2020-10-04,2024-05-27
36,Sport,Football,78836,2020-01-06,2024-05-02
37,Sport,Football,98450,2022-11-03,2025-12-10
38,Sport,Football,81671,2023-12-04,2024-12-18
39,Sport,Football,118825,2023-04-03,2025-04-22
40,Sport,Football,86308,2021-12-01,2025-12-22
41,Sport,Football,116795,2023-05-01,2024-04-18
42,Sport,Football,95344,2022-01-06,2025-11-16
43,Sport,Football,91095,2023-07-05,2024-01-16
44,Sport,Football,108190,2020-12-05,2026-04-25
45,Sport,Football,70694,2022-09-05,2024-07-07
46,Sport,Football,88180,2020-01-03,2024-01-08
47,Sport,Football,96955,2022-12-05,2024-12-16
48,Sport,Football,77265,2020-08-01,2024-04-25
49,Sport,Football,93806,2021-06-06,2025-04-28
50,Sport,Football,80436,2020-06-02,2024-10-07
51,Sport,Football,107698,2023-09-05,2025-10-08
52,Sport,Football,110310,2023-04-06,2026-01-10
53,Sport,Football,98607,2023-05-04,2024-09-19
54,Sport,Football,111771,2023-10-04,2024-11-11
55,Sport,Football,103267,2023-03-02,2025-03-10
56,Sport,Football,93545,2022-09-05,2026-11-27
57,Sport,Football,110463,2020-07-01,2026-10-13
58,Sport,Football,99769,2023-05-03,2026-09-20
59,Sport,Football,104945,2023-11-04,2026-06-20
60,Sport,Football,117627,2022-01-04,2025-08-15
61,Sport,Basketball,155605,2020-03-06,2026-01-07
62,Sport,Basketball,162287,2021-04-05,2026-03-23
63,Sport,Basketball,166569,2021-09-06,2024-04-08
64,Sport,Basketball,164241,2021-04-03,2025-05-01
65,Sport,Basketball,218288,2020-07-04,2024-10-07
66,Sport,Basketball,150341,2021-09-04,2024-07-08
67,Sport,Basketball,188940,2020-04-04,2024-07-26
68,Sport,Basketball,226256,2020-06-06,2026-02-06
69,Sport,Basketball,137371,2022-01-06,2026-10-01
70,Sport,Basketball,149819,2022-09-04,2026-03-16
71,Sport,Basketball,142645,2023-02-01,2024-09-13
72,Sport,Basketball,197347,2021-05-05,2025-12-01
73,Sport,Basketball,144013,2023-07-02,2024-04-28
74,Sport,Basketball,117309,2022-12-02,2024-03-25
75,Sport,Basketball,135298,2022-12-06,2024-07-03
76,Sport,Basketball,135253,2022-12-02,2026-07-13
77,Sport,Basketball,114414,2022-05-03,2025-01-17
78,Sport,Basketball,121816,2023-05-06,2026-04-21
79,Sport,Basketball,124189,2023-12-04,2026-01-04
80,Sport,Basketball,116771,2022-02-05,2025-02-07
81,Sport,Basketball,144058,2023-08-05,2025-05-02
82,Sport,Basketball,134779,2023-12-01,2024-10-03
83,Sport,Basketball,130349,2022-10-06,2026-12-17
84,Sport,Basketball,119109,2022-07-05,2025-06-22
85,Sport,Swimming,156526,2023-09-06,2024-11-20
86,Sport,Swimming,138367,2023-10-01,2026-03-23
87,Sport,Swimming,140162,2022-02-06,2025-11-07
88,Sport,Swimming,145097,2022-11-03,2026-01-09
89,Sport,Swimming,127079,2022-01-05,2025-06-13
90,Sport,Swimming,123290,2023-03-03,2026-08-10
91,Sport,Swimming,159542,2023-11-05,2025-07-07
92,Sport,Swimming,149449,2022-04-01,2026-04-09
93,Sport,Swimming,122025,2022-12-04,2025-02-20
94,Sport,Swimming,158108,2022-03-02,2026-08-19
95,Sport,Kung Fu,101586,2022-03-05,2024-07-03
96,Sport,Kung Fu,91671,2022-07-04,2025-03-18
97,Sport,Kung Fu,91071,2023-11-06,2025-01-11
98,Sport,Kung Fu,112574,2022-09-06,2024-02-09
99,Sport,Kung Fu,95913,2022-12-03,2025-08-26
100,Sport,Kung Fu,104142,2022-10-03,2026-07-07
101,Sport,Kung Fu,104972,2023-06-02,2024-01-19
102,Sport,Kung Fu,91490,2023-06-03,2025-04-18
103,Sport,Kung Fu,99797,2022-03-05,2024-05-12
104,Sport,Kung Fu,106056,2023-11-06,2024-03-21
